{"thresh_speech": 0.45000000000000007, "thresh_silence": 0.45, "noise_floor": 8.544325828552246e-05, "calibrated_at": 1758204324.155228}